risk_decile,risk_score_avg,dead_cap_pct_avg,wins_avg,playoff_rate,team_seasons
1,28.12,0.1419475071633237,12.0,1.0,1
2,30.62,0.1864185590778098,13.0,1.0,1
3,38.75,0.0541839287671232,11.0,1.0,1
5,40.0,0.1040511049445005,13.0,1.0,1
6,40.62,0.2938645418950665,13.0,1.0,1
8,41.25,0.1885775292242295,10.0,1.0,1
9,43.12,0.0452287010676156,11.0,1.0,1
10,87.5,0.4639623194130925,6.0,0.0,1
