Team,Year,Total Cap,Active Cap,Dead Cap,Dead Cap %,Active Spend %,Wins,Playoffs
cardinals,2026,303450000.0,275478819.0,14951854.0,0.04927287526775416,0.90782276816609,,
cardinals,2027,318620000.0,176143585.0,,,0.5528327945515034,,
cardinals,2028,334550000.0,112401112.0,,,0.3359770198774473,,
