dead_cap_quartile,avg_wins,playoff_rate,n
Q1 Lowest,8.890625,0.421875,64
Q2,8.5234375,0.4375,64
Q3,8.4453125,0.46875,64
Q4 Highest,7.375,0.359375,64
